received_at,device_id,temperature_c,humidity_pct,soil_moisture_pct,ph_value,moisture_level,ph_category,has_errors
2026-04-23 06:18:31.458,farm_node_01,29.5,53.5,0.0,3.9,dry,strongly_acidic,False
2026-04-23 06:18:42.315,farm_node_01,30.2,51.7,0.0,8.63,dry,strongly_alkaline,False
2026-04-23 06:18:53.163,farm_node_01,30.2,51.6,0.0,6.44,dry,acidic,False
2026-04-23 06:19:03.915,farm_node_01,30.2,51.5,0.0,3.85,dry,strongly_acidic,False
2026-04-23 06:19:14.783,farm_node_01,30.2,51.4,0.0,3.28,dry,strongly_acidic,False
2026-04-23 06:19:25.729,farm_node_01,30.2,51.4,0.0,6.2,dry,acidic,False
2026-04-23 06:19:37.059,farm_node_01,30.2,51.5,0.0,7.74,dry,alkaline,False
2026-04-23 06:19:47.325,farm_node_01,30.2,51.4,0.0,7.08,dry,neutral,False
2026-04-23 06:19:58.189,farm_node_01,30.2,51.4,0.0,6.54,dry,neutral,False
2026-04-23 06:20:08.926,farm_node_01,30.2,51.4,0.0,3.75,dry,strongly_acidic,False
2026-04-23 06:20:19.777,farm_node_01,30.2,51.3,0.0,6.53,dry,neutral,False
2026-04-23 06:20:30.652,farm_node_01,30.2,51.3,0.0,6.28,dry,acidic,False
2026-04-23 06:20:41.519,farm_node_01,30.2,51.4,0.0,3.78,dry,strongly_acidic,False
2026-04-23 06:20:52.311,farm_node_01,30.2,51.3,0.0,7.51,dry,alkaline,False
2026-04-23 06:21:03.224,farm_node_01,30.3,51.4,0.0,7.16,dry,neutral,False
2026-04-23 06:21:14.072,farm_node_01,30.2,51.3,0.0,4.7,dry,strongly_acidic,False
2026-06-20 07:07:48.587,farm_node_01,33.3,68.4,0.0,6.29,dry,acidic,False
2026-06-20 07:07:59.351,farm_node_01,34.1,66.5,0.0,4.16,dry,strongly_acidic,False
2026-06-20 07:08:10.206,farm_node_01,34.2,66.5,0.0,3.74,dry,strongly_acidic,False
2026-06-20 07:08:20.930,farm_node_01,34.2,66.3,0.0,5.21,dry,strongly_acidic,False
2026-06-20 07:08:31.772,farm_node_01,34.3,66.0,0.0,7.12,dry,neutral,False
2026-06-20 07:08:42.627,farm_node_01,34.3,66.0,0.0,3.34,dry,strongly_acidic,False
2026-06-20 07:08:53.450,farm_node_01,34.3,65.9,0.0,6.91,dry,neutral,False
2026-06-20 07:09:04.365,farm_node_01,34.4,65.8,0.0,6.06,dry,acidic,False
2026-06-20 07:09:15.133,farm_node_01,34.4,65.7,0.0,3.9,dry,strongly_acidic,False
2026-06-20 07:09:25.980,farm_node_01,34.4,65.8,0.0,3.17,dry,strongly_acidic,False
2026-06-20 07:09:36.809,farm_node_01,34.4,65.7,0.0,3.41,dry,strongly_acidic,False
2026-06-20 07:09:47.648,farm_node_01,34.4,65.7,0.0,5.68,dry,acidic,False
2026-06-20 07:09:58.489,farm_node_01,34.4,65.7,0.0,3.19,dry,strongly_acidic,False
2026-06-20 07:10:09.334,farm_node_01,34.4,65.7,0.0,4.7,dry,strongly_acidic,False
2026-06-20 07:10:20.184,farm_node_01,34.4,65.7,0.0,6.95,dry,neutral,False
2026-06-20 07:10:31.014,farm_node_01,34.4,65.7,0.0,3.42,dry,strongly_acidic,False
2026-06-20 07:10:41.848,farm_node_01,34.4,65.7,0.0,3.83,dry,strongly_acidic,False
2026-06-20 07:10:52.714,farm_node_01,34.4,65.8,0.0,5.22,dry,strongly_acidic,False
2026-06-20 07:11:03.530,farm_node_01,34.4,65.8,0.0,6.23,dry,acidic,False
2026-06-20 07:11:14.367,farm_node_01,34.4,65.9,0.0,6.45,dry,acidic,False
2026-06-20 07:11:25.207,farm_node_01,34.4,66.0,0.0,6.47,dry,acidic,False
2026-06-20 07:11:36.046,farm_node_01,34.4,66.0,0.0,5.65,dry,acidic,False
2026-06-20 07:11:46.886,farm_node_01,34.4,66.0,0.0,3.23,dry,strongly_acidic,False
2026-06-20 07:11:57.779,farm_node_01,34.4,66.0,0.0,6.78,dry,neutral,False
2026-06-20 07:12:08.613,farm_node_01,34.4,66.0,0.0,4.6,dry,strongly_acidic,False
2026-06-20 07:12:19.407,farm_node_01,34.4,66.0,0.0,3.04,dry,strongly_acidic,False
2026-06-20 07:12:30.245,farm_node_01,34.4,66.1,0.0,4.3,dry,strongly_acidic,False
2026-06-20 07:12:41.100,farm_node_01,34.4,66.2,0.0,7.41,dry,neutral,False
2026-06-20 07:12:51.926,farm_node_01,34.4,66.3,0.0,2.26,dry,strongly_acidic,False
2026-06-20 07:13:02.765,farm_node_01,34.4,66.4,0.0,6.05,dry,acidic,False
2026-06-20 07:13:13.606,farm_node_01,34.4,66.2,0.0,3.37,dry,strongly_acidic,False
2026-06-20 07:13:24.459,farm_node_01,34.4,66.0,0.0,8.53,dry,strongly_alkaline,False
2026-06-20 07:13:35.285,farm_node_01,34.4,66.1,0.0,2.67,dry,strongly_acidic,False
2026-06-20 07:13:58.485,farm_node_01,34.4,66.0,0.0,8.39,dry,alkaline,False
2026-06-20 12:53:52.483,farm_node_01,34.1,64.8,0.0,4.16,dry,strongly_acidic,False
2026-06-20 12:54:03.242,farm_node_01,34.1,64.6,0.0,4.18,dry,strongly_acidic,False
2026-06-20 13:26:38.147,esp32_test_01,27.5,62.0,48.0,6.7,,,False
2026-06-21 08:59:57.124,farm_node_01,34.3,61.2,92.38,11.8,wet,strongly_alkaline,False
2026-06-21 09:00:28.041,farm_node_01,34.3,61.2,94.33,11.8,wet,strongly_alkaline,False
2026-06-21 09:00:58.828,farm_node_01,34.3,61.4,52.67,11.8,moderate,strongly_alkaline,False
2026-06-21 09:02:05.715,farm_node_01,34.3,61.5,90.05,11.8,wet,strongly_alkaline,False
2026-06-21 09:02:36.633,farm_node_01,34.3,61.4,50.81,11.8,moderate,strongly_alkaline,False
2026-06-21 09:03:07.346,farm_node_01,34.3,61.4,93.67,11.8,wet,strongly_alkaline,False
2026-06-21 09:03:38.203,farm_node_01,34.3,61.4,43.95,11.8,moderate,strongly_alkaline,False
2026-06-21 09:04:09.321,farm_node_01,34.3,61.4,93.19,11.8,wet,strongly_alkaline,False
2026-06-21 09:04:39.878,farm_node_01,34.3,61.5,60.52,11.8,moderate,strongly_alkaline,False
2026-06-21 09:05:10.736,farm_node_01,34.3,61.5,91.1,11.8,wet,strongly_alkaline,False
2026-06-21 09:05:41.685,farm_node_01,34.3,61.6,76.05,11.8,wet,strongly_alkaline,False
2026-06-21 09:06:12.511,farm_node_01,34.3,61.7,92.19,11.8,wet,strongly_alkaline,False
2026-06-21 09:06:43.235,farm_node_01,34.3,61.8,43.86,11.8,moderate,strongly_alkaline,False
2026-06-21 09:07:14.140,farm_node_01,34.3,61.8,64.29,11.8,moderate,strongly_alkaline,False
2026-06-21 09:07:44.928,farm_node_01,34.3,61.9,100.0,10.18,wet,strongly_alkaline,False
2026-06-21 09:08:15.761,farm_node_01,34.3,61.9,100.0,10.19,wet,strongly_alkaline,False
2026-06-21 09:08:46.764,farm_node_01,34.3,61.9,100.0,10.47,wet,strongly_alkaline,False
2026-06-21 09:09:17.542,farm_node_01,34.3,62.0,100.0,10.56,wet,strongly_alkaline,False
2026-06-21 09:09:48.483,farm_node_01,34.3,62.0,100.0,10.67,wet,strongly_alkaline,False
2026-06-21 09:10:19.123,farm_node_01,34.3,62.0,100.0,10.75,wet,strongly_alkaline,False
2026-06-21 09:10:50.126,farm_node_01,34.3,61.8,100.0,10.77,wet,strongly_alkaline,False
2026-06-21 09:11:20.854,farm_node_01,34.3,61.8,100.0,10.84,wet,strongly_alkaline,False
2026-06-21 09:11:51.858,farm_node_01,34.3,61.7,100.0,10.83,wet,strongly_alkaline,False
2026-06-21 09:12:22.693,farm_node_01,34.3,61.7,100.0,10.84,wet,strongly_alkaline,False
2026-06-21 09:12:53.462,farm_node_01,34.3,61.7,100.0,10.84,wet,strongly_alkaline,False
2026-06-21 09:13:24.349,farm_node_01,34.3,61.5,100.0,10.93,wet,strongly_alkaline,False
2026-06-21 09:13:55.015,farm_node_01,34.3,61.6,100.0,10.92,wet,strongly_alkaline,False
2026-06-21 09:14:25.880,farm_node_01,34.3,61.5,100.0,10.98,wet,strongly_alkaline,False
2026-06-21 09:14:56.699,farm_node_01,34.3,61.6,100.0,11.01,wet,strongly_alkaline,False
2026-06-21 09:15:27.742,farm_node_01,34.3,61.6,100.0,11.07,wet,strongly_alkaline,False
2026-06-21 10:33:32.852,farm_node_01,34.7,61.7,71.67,11.8,wet,strongly_alkaline,False
2026-06-21 10:34:03.705,farm_node_01,34.7,62.1,87.86,11.8,wet,strongly_alkaline,False
2026-06-21 10:34:34.527,farm_node_01,34.7,62.2,25.43,11.8,dry,strongly_alkaline,False
2026-06-21 10:35:05.375,farm_node_01,34.6,62.2,53.62,11.8,moderate,strongly_alkaline,False
2026-06-21 10:35:36.315,farm_node_01,34.6,62.1,53.67,11.8,moderate,strongly_alkaline,False
2026-06-21 10:36:07.139,farm_node_01,34.7,62.3,87.62,11.8,wet,strongly_alkaline,False
2026-06-21 10:36:37.899,farm_node_01,34.6,62.2,87.48,11.8,wet,strongly_alkaline,False
2026-06-21 10:37:08.727,farm_node_01,34.7,62.0,87.57,11.8,wet,strongly_alkaline,False
2026-06-21 10:37:39.616,farm_node_01,34.7,62.0,40.33,11.8,moderate,strongly_alkaline,False
2026-06-21 10:38:10.572,farm_node_01,34.7,62.0,0.0,11.8,dry,strongly_alkaline,False
2026-06-21 10:38:41.360,farm_node_01,34.7,62.0,8.81,11.8,dry,strongly_alkaline,False
2026-06-21 10:39:12.093,farm_node_01,34.7,62.1,0.0,11.8,dry,strongly_alkaline,False
2026-06-21 10:39:42.929,farm_node_01,34.6,61.9,48.43,11.8,moderate,strongly_alkaline,False
2026-06-21 10:40:13.832,farm_node_01,34.6,61.8,86.24,11.8,wet,strongly_alkaline,False
2026-06-21 10:40:44.666,farm_node_01,34.6,62.1,45.57,11.8,moderate,strongly_alkaline,False
2026-06-21 10:41:15.451,farm_node_01,34.6,62.0,87.48,11.8,wet,strongly_alkaline,False
2026-06-21 10:41:46.289,farm_node_01,34.6,62.0,2.19,11.8,dry,strongly_alkaline,False
2026-06-21 10:42:17.246,farm_node_01,34.6,62.0,48.24,11.8,moderate,strongly_alkaline,False
2026-06-21 10:42:48.154,farm_node_01,34.6,61.8,4.24,11.8,dry,strongly_alkaline,False
2026-06-21 10:43:18.820,farm_node_01,34.6,61.9,83.05,11.8,wet,strongly_alkaline,False
2026-06-21 10:43:49.655,farm_node_01,34.6,61.9,7.0,11.8,dry,strongly_alkaline,False
2026-06-21 10:44:20.497,farm_node_01,34.6,61.9,71.81,11.8,wet,strongly_alkaline,False
2026-06-21 10:44:51.456,farm_node_01,34.6,62.2,0.0,11.8,dry,strongly_alkaline,False
2026-06-21 10:45:22.180,farm_node_01,34.6,62.0,39.62,11.8,moderate,strongly_alkaline,False
2026-06-21 10:45:53.213,farm_node_01,34.6,62.2,60.52,11.8,moderate,strongly_alkaline,False
2026-06-21 10:46:23.860,farm_node_01,34.6,62.7,18.38,11.8,dry,strongly_alkaline,False
2026-06-21 10:46:54.698,farm_node_01,34.6,62.4,71.52,11.8,wet,strongly_alkaline,False
2026-06-21 10:47:25.577,farm_node_01,34.6,62.3,14.05,11.8,dry,strongly_alkaline,False
2026-06-21 10:47:56.390,farm_node_01,34.6,62.1,21.95,11.8,dry,strongly_alkaline,False
2026-06-21 10:48:37.221,farm_node_01,34.6,61.9,51.14,11.8,moderate,strongly_alkaline,False
2026-06-21 10:49:08.179,farm_node_01,34.6,61.8,9.0,11.8,dry,strongly_alkaline,False
2026-06-21 10:49:39.021,farm_node_01,34.6,61.7,17.0,11.8,dry,strongly_alkaline,False
2026-06-21 10:50:09.823,farm_node_01,34.6,61.7,10.9,11.8,dry,strongly_alkaline,False
2026-06-21 15:06:14.100,farm_node_01,34.0,68.9,2.24,11.8,dry,strongly_alkaline,False
2026-06-21 15:06:44.773,farm_node_01,33.9,69.1,27.95,11.8,dry,strongly_alkaline,False
2026-06-21 15:07:15.604,farm_node_01,33.9,69.2,26.19,11.8,dry,strongly_alkaline,False
2026-06-21 15:10:44.041,farm_node_01,33.9,69.1,2.95,11.8,dry,strongly_alkaline,False
2026-06-21 15:11:14.770,farm_node_01,33.8,69.2,6.19,11.8,dry,strongly_alkaline,False
2026-06-21 15:11:45.610,farm_node_01,33.8,69.3,0.0,11.8,dry,strongly_alkaline,False
2026-06-21 15:12:16.449,farm_node_01,33.8,69.1,0.0,11.8,dry,strongly_alkaline,False
2026-06-21 15:12:50.472,farm_node_01,33.8,69.1,0.0,11.8,dry,strongly_alkaline,False
2026-06-21 15:13:18.129,farm_node_01,33.8,69.3,9.81,11.8,dry,strongly_alkaline,False
2026-06-21 15:13:48.969,farm_node_01,33.9,69.4,22.19,11.8,dry,strongly_alkaline,False
2026-06-21 15:14:19.807,farm_node_01,33.8,69.3,16.86,11.8,dry,strongly_alkaline,False
2026-06-21 15:14:50.646,farm_node_01,33.8,69.2,0.0,11.8,dry,strongly_alkaline,False
2026-06-21 15:15:21.485,farm_node_01,33.9,69.1,15.33,11.8,dry,strongly_alkaline,False
2026-06-21 15:15:52.325,farm_node_01,33.9,69.2,0.0,11.8,dry,strongly_alkaline,False
2026-06-21 15:16:23.166,farm_node_01,33.9,69.1,0.0,11.8,dry,strongly_alkaline,False
2026-06-21 15:16:54.004,farm_node_01,33.9,69.2,1.81,11.8,dry,strongly_alkaline,False
2026-06-21 15:17:24.844,farm_node_01,33.9,69.1,15.24,11.8,dry,strongly_alkaline,False
2026-06-21 15:17:55.683,farm_node_01,33.9,69.1,0.0,11.8,dry,strongly_alkaline,False
2026-06-21 15:18:26.525,farm_node_01,33.8,69.0,0.0,11.8,dry,strongly_alkaline,False
2026-06-21 15:18:57.362,farm_node_01,33.8,69.4,0.0,11.8,dry,strongly_alkaline,False
2026-06-21 15:19:28.203,farm_node_01,33.8,69.5,14.71,11.8,dry,strongly_alkaline,False
2026-06-21 15:21:58.357,farm_node_01,33.8,69.4,6.86,11.8,dry,strongly_alkaline,False
2026-06-21 15:22:29.145,farm_node_01,33.9,69.7,0.0,11.8,dry,strongly_alkaline,False
2026-06-21 15:22:59.985,farm_node_01,33.9,69.6,0.0,11.8,dry,strongly_alkaline,False
2026-06-21 15:23:30.824,farm_node_01,33.9,69.8,0.0,11.8,dry,strongly_alkaline,False
2026-06-21 15:24:01.663,farm_node_01,33.9,69.7,0.0,11.8,dry,strongly_alkaline,False
2026-06-21 15:24:32.504,farm_node_01,33.9,69.7,9.24,11.8,dry,strongly_alkaline,False
2026-06-21 15:25:03.343,farm_node_01,33.9,69.7,0.0,11.8,dry,strongly_alkaline,False
2026-06-21 15:47:27.723,farm_node_01,33.8,69.1,24.43,11.8,dry,strongly_alkaline,False
2026-06-21 15:47:58.451,farm_node_01,33.9,69.2,1.19,11.8,dry,strongly_alkaline,False
2026-06-21 15:48:29.291,farm_node_01,33.9,69.0,7.62,11.8,dry,strongly_alkaline,False
2026-06-21 15:49:00.129,farm_node_01,33.9,69.0,0.0,11.8,dry,strongly_alkaline,False
2026-06-21 15:49:30.968,farm_node_01,33.9,69.1,0.0,11.8,dry,strongly_alkaline,False
2026-06-21 15:50:01.809,farm_node_01,33.9,69.2,12.95,11.8,dry,strongly_alkaline,False
2026-06-21 15:50:32.649,farm_node_01,33.9,69.2,0.0,11.8,dry,strongly_alkaline,False
2026-06-21 15:51:03.489,farm_node_01,33.9,69.2,20.38,11.8,dry,strongly_alkaline,False
2026-06-21 15:51:34.329,farm_node_01,33.9,69.3,0.0,11.8,dry,strongly_alkaline,False
2026-06-21 15:52:05.166,farm_node_01,33.9,69.2,0.0,11.8,dry,strongly_alkaline,False
2026-06-21 15:52:36.009,farm_node_01,33.9,69.3,0.0,11.8,dry,strongly_alkaline,False
2026-06-21 15:53:06.847,farm_node_01,33.9,69.3,0.0,11.8,dry,strongly_alkaline,False
2026-06-21 15:53:37.686,farm_node_01,33.8,69.4,6.95,11.8,dry,strongly_alkaline,False
2026-06-21 15:54:08.527,farm_node_01,33.8,69.6,0.0,11.8,dry,strongly_alkaline,False
2026-06-21 15:54:39.366,farm_node_01,33.8,69.8,0.0,11.8,dry,strongly_alkaline,False
2026-06-21 15:55:10.206,farm_node_01,33.8,69.9,0.0,11.8,dry,strongly_alkaline,False
2026-06-21 15:55:41.044,farm_node_01,33.8,70.0,18.81,11.8,dry,strongly_alkaline,False
2026-06-21 15:56:11.883,farm_node_01,33.9,70.0,0.0,11.8,dry,strongly_alkaline,False
2026-06-21 15:56:42.723,farm_node_01,33.8,70.0,1.81,11.8,dry,strongly_alkaline,False
2026-06-21 15:57:13.563,farm_node_01,33.8,70.0,15.57,11.8,dry,strongly_alkaline,False
2026-06-21 15:57:44.402,farm_node_01,33.9,70.1,0.0,11.8,dry,strongly_alkaline,False
2026-06-21 15:58:15.241,farm_node_01,33.9,70.1,0.0,11.8,dry,strongly_alkaline,False
2026-06-21 15:58:46.082,farm_node_01,33.8,70.0,0.0,11.8,dry,strongly_alkaline,False
2026-06-21 15:59:16.922,farm_node_01,33.9,70.0,0.0,11.8,dry,strongly_alkaline,False
2026-06-22 04:03:40.807,farm_node_01,33.5,70.1,0.0,11.8,dry,strongly_alkaline,False
2026-06-22 04:04:37.460,farm_node_01,33.5,70.1,0.0,11.8,dry,strongly_alkaline,False
2026-06-22 04:05:08.050,farm_node_01,33.6,70.0,40.67,11.8,moderate,strongly_alkaline,False
2026-06-22 04:05:38.885,farm_node_01,33.6,69.6,54.57,11.8,moderate,strongly_alkaline,False
2026-06-22 04:06:09.724,farm_node_01,33.6,69.4,62.0,11.8,moderate,strongly_alkaline,False
2026-06-22 04:06:40.557,farm_node_01,33.6,69.4,58.67,11.8,moderate,strongly_alkaline,False
2026-06-22 04:07:11.452,farm_node_01,33.6,69.3,53.62,11.8,moderate,strongly_alkaline,False
2026-06-22 04:07:42.233,farm_node_01,33.6,69.4,61.71,11.8,moderate,strongly_alkaline,False
2026-06-22 04:08:13.077,farm_node_01,33.6,69.3,20.86,11.8,dry,strongly_alkaline,False
2026-06-22 04:08:43.913,farm_node_01,33.6,69.4,14.14,11.8,dry,strongly_alkaline,False
2026-06-22 04:09:14.753,farm_node_01,33.7,69.4,17.52,11.8,dry,strongly_alkaline,False
2026-06-22 04:09:45.594,farm_node_01,33.7,69.1,25.05,11.8,dry,strongly_alkaline,False
2026-06-22 04:10:16.431,farm_node_01,33.7,69.0,4.57,11.8,dry,strongly_alkaline,False
2026-06-22 04:10:47.271,farm_node_01,33.6,69.1,52.29,11.8,moderate,strongly_alkaline,False
2026-06-22 04:11:18.111,farm_node_01,33.6,69.0,16.48,11.8,dry,strongly_alkaline,False
2026-06-22 04:11:48.951,farm_node_01,33.6,69.1,67.29,11.8,wet,strongly_alkaline,False
2026-06-22 04:12:19.806,farm_node_01,33.5,68.8,1.0,11.8,dry,strongly_alkaline,False
2026-06-22 04:12:50.629,farm_node_01,33.5,68.5,50.81,11.8,moderate,strongly_alkaline,False
2026-06-22 04:13:21.558,farm_node_01,33.5,68.6,60.19,11.8,moderate,strongly_alkaline,False
2026-06-22 04:13:52.309,farm_node_01,33.5,68.5,0.0,11.8,dry,strongly_alkaline,False
2026-06-22 04:14:23.159,farm_node_01,33.5,68.4,9.57,11.8,dry,strongly_alkaline,False
2026-06-22 04:14:53.992,farm_node_01,33.5,68.3,52.33,11.8,moderate,strongly_alkaline,False
2026-06-22 04:15:24.828,farm_node_01,33.5,68.1,43.14,11.8,moderate,strongly_alkaline,False
2026-06-22 04:15:55.673,farm_node_01,33.5,67.9,0.43,11.8,dry,strongly_alkaline,False
2026-06-22 04:16:26.517,farm_node_01,33.5,67.9,27.48,11.8,dry,strongly_alkaline,False
2026-06-22 04:16:57.359,farm_node_01,33.5,67.9,11.71,11.8,dry,strongly_alkaline,False
2026-06-22 04:17:28.186,farm_node_01,33.5,67.9,22.86,11.8,dry,strongly_alkaline,False
2026-06-22 04:17:59.220,farm_node_01,33.5,67.9,41.14,11.8,moderate,strongly_alkaline,False
2026-06-22 04:18:29.896,farm_node_01,33.5,68.0,58.14,11.8,moderate,strongly_alkaline,False
2026-06-22 04:19:00.703,farm_node_01,33.5,68.0,6.71,11.8,dry,strongly_alkaline,False
2026-06-22 04:19:31.543,farm_node_01,33.4,67.8,0.76,11.8,dry,strongly_alkaline,False
2026-06-22 04:20:02.385,farm_node_01,33.5,67.8,0.0,11.8,dry,strongly_alkaline,False
2026-06-22 04:20:33.226,farm_node_01,33.5,67.9,0.19,11.8,dry,strongly_alkaline,False
2026-06-22 04:21:04.062,farm_node_01,33.5,68.1,0.0,11.8,dry,strongly_alkaline,False
2026-06-22 04:21:34.903,farm_node_01,33.4,68.2,0.0,11.8,dry,strongly_alkaline,False
2026-06-22 04:22:41.856,farm_node_01,33.3,68.6,58.67,11.8,moderate,strongly_alkaline,False
2026-06-22 04:23:12.583,farm_node_01,33.3,68.6,60.29,11.8,moderate,strongly_alkaline,False
2026-06-22 04:23:43.421,farm_node_01,33.3,68.6,20.67,11.8,dry,strongly_alkaline,False
2026-06-22 04:24:14.258,farm_node_01,33.3,68.6,41.67,11.8,moderate,strongly_alkaline,False
2026-06-22 04:24:45.098,farm_node_01,33.3,68.5,0.0,11.8,dry,strongly_alkaline,False
2026-06-22 04:25:45.873,farm_node_01,33.3,68.5,9.81,11.8,dry,strongly_alkaline,False
2026-06-22 04:26:16.637,farm_node_01,33.4,68.2,17.95,11.8,dry,strongly_alkaline,False
2026-06-22 04:26:47.477,farm_node_01,33.4,68.0,18.9,11.8,dry,strongly_alkaline,False
2026-06-22 04:27:18.317,farm_node_01,33.4,68.0,45.57,11.8,moderate,strongly_alkaline,False
2026-06-22 04:27:49.157,farm_node_01,33.3,68.1,51.81,11.8,moderate,strongly_alkaline,False
2026-06-22 04:28:19.996,farm_node_01,33.3,68.2,3.0,11.8,dry,strongly_alkaline,False
2026-06-22 04:28:50.837,farm_node_01,33.3,68.3,52.81,11.8,moderate,strongly_alkaline,False
2026-06-22 04:29:21.675,farm_node_01,33.3,68.5,14.71,11.8,dry,strongly_alkaline,False
2026-06-22 04:29:52.515,farm_node_01,33.3,68.5,54.95,11.8,moderate,strongly_alkaline,False
2026-06-22 04:30:23.354,farm_node_01,33.4,68.4,31.71,11.8,moderate,strongly_alkaline,False
2026-06-22 04:30:54.195,farm_node_01,33.5,68.5,5.48,11.8,dry,strongly_alkaline,False
2026-06-22 04:31:25.033,farm_node_01,33.5,68.5,0.0,11.8,dry,strongly_alkaline,False
2026-06-22 04:31:55.878,farm_node_01,33.5,68.5,0.0,11.8,dry,strongly_alkaline,False
2026-06-22 04:32:26.712,farm_node_01,33.5,68.5,4.52,11.8,dry,strongly_alkaline,False
2026-06-22 04:32:57.551,farm_node_01,33.5,68.5,51.48,11.8,moderate,strongly_alkaline,False
2026-06-22 04:33:28.391,farm_node_01,33.5,68.5,0.0,11.8,dry,strongly_alkaline,False
2026-06-22 04:33:59.232,farm_node_01,33.5,68.4,12.9,11.8,dry,strongly_alkaline,False
2026-06-22 04:34:30.070,farm_node_01,33.6,68.3,0.0,11.8,dry,strongly_alkaline,False
2026-06-22 04:35:00.910,farm_node_01,33.5,68.0,5.33,11.8,dry,strongly_alkaline,False
2026-06-22 04:35:31.749,farm_node_01,33.5,68.2,2.71,11.8,dry,strongly_alkaline,False
2026-06-22 04:36:02.589,farm_node_01,33.6,68.3,4.57,11.8,dry,strongly_alkaline,False
2026-06-22 04:36:33.429,farm_node_01,33.6,68.3,9.81,11.8,dry,strongly_alkaline,False
2026-06-22 04:37:04.269,farm_node_01,33.6,68.2,57.14,11.8,moderate,strongly_alkaline,False
2026-06-22 04:37:35.107,farm_node_01,33.6,68.2,0.0,11.8,dry,strongly_alkaline,False
2026-06-22 04:38:05.947,farm_node_01,33.6,68.3,0.0,11.8,dry,strongly_alkaline,False
2026-06-22 04:38:36.787,farm_node_01,33.6,68.4,16.62,11.8,dry,strongly_alkaline,False
2026-06-22 04:39:07.626,farm_node_01,33.6,68.3,17.76,11.8,dry,strongly_alkaline,False
2026-06-22 04:39:38.466,farm_node_01,33.6,68.3,2.62,11.8,dry,strongly_alkaline,False
2026-06-22 04:40:09.308,farm_node_01,33.6,68.3,15.14,11.8,dry,strongly_alkaline,False
2026-06-22 04:40:40.145,farm_node_01,33.6,68.3,10.14,11.8,dry,strongly_alkaline,False
2026-06-22 04:41:10.983,farm_node_01,33.6,68.4,1.48,11.8,dry,strongly_alkaline,False
2026-06-22 04:41:41.825,farm_node_01,33.6,68.3,0.0,11.8,dry,strongly_alkaline,False
2026-06-22 04:42:12.663,farm_node_01,33.6,68.2,4.62,11.8,dry,strongly_alkaline,False
2026-06-22 04:42:43.502,farm_node_01,33.6,68.2,3.95,11.8,dry,strongly_alkaline,False
2026-06-22 04:43:14.344,farm_node_01,33.6,68.2,0.0,11.8,dry,strongly_alkaline,False
2026-06-22 04:43:45.181,farm_node_01,33.7,68.0,0.0,11.8,dry,strongly_alkaline,False
2026-06-22 04:44:16.021,farm_node_01,33.7,67.9,0.0,11.8,dry,strongly_alkaline,False
2026-06-22 04:44:46.861,farm_node_01,33.7,68.0,11.43,11.8,dry,strongly_alkaline,False
2026-06-22 04:45:17.700,farm_node_01,33.7,68.0,0.0,11.8,dry,strongly_alkaline,False
2026-06-22 04:45:48.539,farm_node_01,33.8,67.9,3.52,11.8,dry,strongly_alkaline,False
2026-06-22 04:46:19.383,farm_node_01,33.8,67.7,25.57,11.8,dry,strongly_alkaline,False
2026-06-22 04:46:50.219,farm_node_01,33.8,67.5,20.48,11.8,dry,strongly_alkaline,False
2026-06-22 04:47:21.058,farm_node_01,33.9,67.4,0.0,11.8,dry,strongly_alkaline,False
2026-06-22 04:47:51.897,farm_node_01,33.9,67.5,0.0,11.8,dry,strongly_alkaline,False
2026-06-22 04:48:22.738,farm_node_01,33.9,67.6,0.33,11.8,dry,strongly_alkaline,False
2026-06-22 04:48:53.576,farm_node_01,33.9,67.6,0.0,11.8,dry,strongly_alkaline,False
2026-06-22 04:49:24.416,farm_node_01,33.9,67.6,24.29,11.8,dry,strongly_alkaline,False
2026-06-22 04:49:55.255,farm_node_01,33.9,67.4,17.19,11.8,dry,strongly_alkaline,False
2026-06-22 04:50:26.096,farm_node_01,33.9,67.4,21.76,11.8,dry,strongly_alkaline,False
2026-06-22 04:50:56.935,farm_node_01,33.9,67.4,0.0,11.8,dry,strongly_alkaline,False
2026-06-22 04:51:27.775,farm_node_01,33.9,67.4,21.0,11.8,dry,strongly_alkaline,False
2026-06-22 04:51:58.614,farm_node_01,33.9,67.4,8.52,11.8,dry,strongly_alkaline,False
2026-06-22 04:52:29.456,farm_node_01,33.9,67.4,20.38,11.8,dry,strongly_alkaline,False
2026-06-22 04:53:00.293,farm_node_01,33.9,67.4,16.0,11.8,dry,strongly_alkaline,False
2026-06-22 04:53:31.133,farm_node_01,33.9,67.4,4.52,11.8,dry,strongly_alkaline,False
2026-06-22 04:54:01.972,farm_node_01,34.0,67.4,13.62,11.8,dry,strongly_alkaline,False
2026-06-22 04:54:32.812,farm_node_01,34.0,67.2,0.0,11.8,dry,strongly_alkaline,False
2026-06-22 04:55:03.653,farm_node_01,34.0,67.4,0.0,11.8,dry,strongly_alkaline,False
2026-06-22 04:55:34.491,farm_node_01,34.0,67.3,10.71,11.8,dry,strongly_alkaline,False
2026-06-22 04:56:05.330,farm_node_01,34.0,67.2,8.76,11.8,dry,strongly_alkaline,False
2026-06-22 04:56:36.170,farm_node_01,33.9,66.8,24.52,11.8,dry,strongly_alkaline,False
2026-06-22 04:57:07.010,farm_node_01,34.0,66.4,21.05,11.8,dry,strongly_alkaline,False
2026-06-22 05:01:44.126,farm_node_01,34.0,64.8,9.05,11.8,dry,strongly_alkaline,False
2026-06-22 05:02:14.898,farm_node_01,34.0,64.9,14.48,11.8,dry,strongly_alkaline,False
2026-06-22 05:02:45.734,farm_node_01,34.0,65.0,0.0,11.8,dry,strongly_alkaline,False
2026-06-22 05:03:16.573,farm_node_01,34.0,65.1,0.0,11.8,dry,strongly_alkaline,False
2026-06-22 05:03:47.414,farm_node_01,34.0,65.1,7.38,11.8,dry,strongly_alkaline,False
2026-06-22 05:04:18.252,farm_node_01,34.0,65.0,12.19,11.8,dry,strongly_alkaline,False
2026-06-22 05:04:49.091,farm_node_01,34.0,65.0,0.0,11.8,dry,strongly_alkaline,False
2026-06-24 15:19:20.983,farm_node_01,33.4,67.1,0.0,11.8,dry,strongly_alkaline,False
2026-06-24 15:19:56.320,farm_node_01,33.4,67.0,0.0,11.8,dry,strongly_alkaline,False
2026-06-24 15:20:27.045,farm_node_01,33.5,66.2,0.0,11.8,dry,strongly_alkaline,False
2026-06-24 15:20:58.918,farm_node_01,33.6,65.6,0.0,11.8,dry,strongly_alkaline,False
2026-06-24 15:21:28.713,farm_node_01,33.6,65.5,0.0,11.8,dry,strongly_alkaline,False
2026-06-24 15:21:59.551,farm_node_01,33.7,65.6,20.05,11.8,dry,strongly_alkaline,False
2026-06-24 15:22:30.392,farm_node_01,33.7,65.5,36.29,11.8,moderate,strongly_alkaline,False
2026-06-24 15:23:01.233,farm_node_01,33.7,65.4,25.14,11.8,dry,strongly_alkaline,False
2026-06-24 15:23:32.076,farm_node_01,33.7,65.3,0.0,11.8,dry,strongly_alkaline,False
2026-06-24 15:24:02.911,farm_node_01,33.7,65.3,0.0,11.8,dry,strongly_alkaline,False
2026-06-24 15:24:33.751,farm_node_01,33.8,65.4,0.0,11.8,dry,strongly_alkaline,False
2026-06-24 15:25:04.593,farm_node_01,33.7,65.5,0.0,11.8,dry,strongly_alkaline,False
2026-06-24 15:25:35.431,farm_node_01,33.7,65.5,0.0,11.8,dry,strongly_alkaline,False
2026-06-24 15:26:06.267,farm_node_01,33.7,65.5,0.0,11.8,dry,strongly_alkaline,False
2026-06-24 15:26:37.129,farm_node_01,33.7,65.5,0.0,11.8,dry,strongly_alkaline,False
2026-06-24 15:27:07.952,farm_node_01,33.7,65.4,0.0,11.8,dry,strongly_alkaline,False
2026-06-24 15:27:38.817,farm_node_01,33.7,65.4,0.0,11.8,dry,strongly_alkaline,False
2026-06-24 15:28:09.626,farm_node_01,33.8,65.3,0.0,11.8,dry,strongly_alkaline,False
2026-06-24 15:28:40.467,farm_node_01,33.8,65.3,0.0,11.8,dry,strongly_alkaline,False
2026-06-24 15:29:11.305,farm_node_01,33.8,65.2,0.0,11.8,dry,strongly_alkaline,False
2026-06-24 15:29:42.147,farm_node_01,33.8,65.1,0.0,11.8,dry,strongly_alkaline,False
2026-06-24 15:30:12.993,farm_node_01,33.8,65.0,0.0,11.8,dry,strongly_alkaline,False
2026-06-24 15:30:43.826,farm_node_01,33.8,64.9,0.0,11.8,dry,strongly_alkaline,False
2026-06-24 15:31:14.664,farm_node_01,33.8,64.8,0.0,11.8,dry,strongly_alkaline,False
2026-06-24 15:31:45.504,farm_node_01,33.8,64.7,0.0,11.8,dry,strongly_alkaline,False
2026-06-24 15:32:16.344,farm_node_01,33.8,64.8,0.0,11.8,dry,strongly_alkaline,False
2026-06-24 15:32:48.442,farm_node_01,33.8,64.8,0.0,11.8,dry,strongly_alkaline,False
2026-06-24 15:33:18.022,farm_node_01,33.7,64.8,0.0,11.8,dry,strongly_alkaline,False
2026-06-24 15:33:48.869,farm_node_01,33.7,64.7,0.0,11.8,dry,strongly_alkaline,False
2026-06-24 15:34:19.703,farm_node_01,33.7,64.9,0.0,11.8,dry,strongly_alkaline,False
2026-06-24 15:34:50.543,farm_node_01,33.7,64.9,0.0,11.8,dry,strongly_alkaline,False
2026-06-24 15:35:22.399,farm_node_01,33.7,64.9,0.0,11.8,dry,strongly_alkaline,False
2026-06-24 15:35:52.221,farm_node_01,33.7,65.0,0.0,11.8,dry,strongly_alkaline,False
2026-06-24 15:36:23.063,farm_node_01,33.7,65.0,0.0,11.8,dry,strongly_alkaline,False
2026-06-24 15:36:53.900,farm_node_01,33.8,65.1,0.0,11.8,dry,strongly_alkaline,False
2026-06-24 15:37:25.896,farm_node_01,33.8,65.1,0.0,11.8,dry,strongly_alkaline,False
2026-06-24 15:37:55.578,farm_node_01,33.8,65.0,0.0,11.8,dry,strongly_alkaline,False
2026-06-24 15:38:26.419,farm_node_01,33.8,65.0,0.0,11.8,dry,strongly_alkaline,False
2026-06-24 15:38:57.258,farm_node_01,33.7,65.1,0.0,11.8,dry,strongly_alkaline,False
2026-06-24 15:39:28.103,farm_node_01,33.7,65.2,0.0,11.8,dry,strongly_alkaline,False
2026-06-24 15:39:58.937,farm_node_01,33.7,65.4,0.0,11.8,dry,strongly_alkaline,False
2026-06-24 15:40:29.780,farm_node_01,33.7,65.3,0.0,11.8,dry,strongly_alkaline,False
2026-06-24 15:41:00.617,farm_node_01,33.7,65.4,0.0,11.8,dry,strongly_alkaline,False
2026-06-24 15:41:31.457,farm_node_01,33.7,65.5,0.0,11.8,dry,strongly_alkaline,False
2026-06-24 15:42:02.295,farm_node_01,33.7,65.4,0.0,11.8,dry,strongly_alkaline,False
2026-06-24 15:42:33.139,farm_node_01,33.7,65.4,0.0,11.8,dry,strongly_alkaline,False
2026-06-24 15:43:03.978,farm_node_01,33.7,65.5,0.0,11.8,dry,strongly_alkaline,False
